Tim,Alex,Yuan,Alan,Peter
1.291666667,1,1,2,1.166666667
1,0,0.541666667,0.541666667,0
0.625,0.5,0.375,0,0.5
1.125,1,0,0.875,-2
2,2,0,1.041666667,1.166666667
1.125,1,0.875,0,2
2,1,0.875,1,0
0,1,2,0.875,1
