"",Tim,Alex,Yuan,Alan,Peter
0,1.422141,1.277173,1.319924,1.335240,0.525426
1,0.680386,0.511317,0.403842,0.554991,-0.065426
2,0.536029,0.388497,0.198896,0.348142,0.069525
3,0.098226,-0.232997,-0.161216,0.250388,-1.910142
4,2.298250,1.539893,0.137854,1.006123,0.721833
5,0.923962,0.995685,0.611449,0.450640,2.071503
6,1.754730,1.252179,0.693157,1.200466,-0.001748
7,0.113627,0.643621,1.954259,1.107174,0.583608
