"",Tim,Alex,Yuan,Alan,Peter
0,1.553795,1.315325,0.964609,1.129171,0.886973
1,0.585223,0.495405,0.363311,0.425292,0.334070
2,0.433380,0.366866,0.269046,0.314945,0.247392
3,-0.374672,-0.317169,-0.232600,-0.272281,-0.213879
4,1.634178,1.383371,1.014511,1.187587,0.932859
5,1.236953,1.047111,0.767911,0.898916,0.706106
6,1.392580,1.178853,0.864526,1.012013,0.794945
7,1.018083,0.861832,0.632035,0.739860,0.581166
