"",Tim,Alex,Yuan,Alan
0,1.320206,1.232056,1.188387,1.259768
1,2.009310,1.875148,1.808686,1.917325
2,1.945194,1.815313,1.750972,1.856145
3,0.823665,0.768669,0.741424,0.785958
4,2.046415,1.909775,1.842086,1.952731
5,1.915040,1.787172,1.723828,1.827371
6,1.595701,1.489156,1.436375,1.522651
7,1.942892,1.813165,1.748900,1.853948
